{
  "siteF": {
    "NO LEFT GLOVE": {
      "tp": 2,
      "fp": 709,
      "fn": 1,
      "precision": 0.0028129395218002813,
      "recall": 0.6666666666666666,
      "f1": 0.0056022408963585435
    },
    "NO RIGHT GLOVE": {
      "tp": 2,
      "fp": 709,
      "fn": 1,
      "precision": 0.0028129395218002813,
      "recall": 0.6666666666666666,
      "f1": 0.0056022408963585435
    },
    "NO VEST": {
      "tp": 2,
      "fp": 523,
      "fn": 1,
      "precision": 0.0038095238095238095,
      "recall": 0.6666666666666666,
      "f1": 0.007575757575757576
    },
    "NO RIGHT SHOE": {
      "tp": 2,
      "fp": 723,
      "fn": 1,
      "precision": 0.002758620689655172,
      "recall": 0.6666666666666666,
      "f1": 0.005494505494505494
    },
    "NO LEFT SHOE": {
      "tp": 2,
      "fp": 729,
      "fn": 1,
      "precision": 0.0027359781121751026,
      "recall": 0.6666666666666666,
      "f1": 0.005449591280653952
    },
    "NO HELMET": {
      "tp": 1,
      "fp": 621,
      "fn": 1,
      "precision": 0.001607717041800643,
      "recall": 0.5,
      "f1": 0.003205128205128205
    },
    "IMPROPER HELMET": {
      "tp": 1,
      "fp": 253,
      "fn": 0,
      "precision": 0.003937007874015748,
      "recall": 1.0,
      "f1": 0.00784313725490196
    }
  }
}