{
  "siteD": {
    "NO LEFT GLOVE": {
      "tp": 3,
      "fp": 764,
      "fn": 0,
      "precision": 0.003911342894393742,
      "recall": 1.0,
      "f1": 0.007792207792207793
    },
    "NO RIGHT GLOVE": {
      "tp": 3,
      "fp": 763,
      "fn": 0,
      "precision": 0.0039164490861618795,
      "recall": 1.0,
      "f1": 0.0078023407022106625
    },
    "NO VEST": {
      "tp": 3,
      "fp": 725,
      "fn": 0,
      "precision": 0.004120879120879121,
      "recall": 1.0,
      "f1": 0.008207934336525308
    },
    "NO RIGHT SHOE": {
      "tp": 3,
      "fp": 727,
      "fn": 0,
      "precision": 0.00410958904109589,
      "recall": 1.0,
      "f1": 0.008185538881309686
    },
    "NO LEFT SHOE": {
      "tp": 3,
      "fp": 682,
      "fn": 0,
      "precision": 0.004379562043795621,
      "recall": 1.0,
      "f1": 0.00872093023255814
    },
    "NO HELMET": {
      "tp": 2,
      "fp": 606,
      "fn": 0,
      "precision": 0.003289473684210526,
      "recall": 1.0,
      "f1": 0.006557377049180327
    },
    "IMPROPER HELMET": {
      "tp": 1,
      "fp": 348,
      "fn": 0,
      "precision": 0.0028653295128939827,
      "recall": 1.0,
      "f1": 0.005714285714285714
    },
    "IMPROPER RIGHT GLOVE": {
      "tp": 0,
      "fp": 1,
      "fn": 0,
      "precision": 0.0,
      "recall": 0.0,
      "f1": 0.0
    }
  }
}