{
  "siteE": {
    "NO LEFT GLOVE": {
      "tp": 3,
      "fp": 657,
      "fn": 0,
      "precision": 0.004545454545454545,
      "recall": 1.0,
      "f1": 0.009049773755656108
    },
    "NO RIGHT GLOVE": {
      "tp": 3,
      "fp": 655,
      "fn": 0,
      "precision": 0.004559270516717325,
      "recall": 1.0,
      "f1": 0.009077155824508321
    },
    "NO VEST": {
      "tp": 3,
      "fp": 584,
      "fn": 0,
      "precision": 0.005110732538330494,
      "recall": 1.0,
      "f1": 0.01016949152542373
    },
    "NO RIGHT SHOE": {
      "tp": 3,
      "fp": 661,
      "fn": 0,
      "precision": 0.004518072289156626,
      "recall": 1.0,
      "f1": 0.008995502248875561
    },
    "NO LEFT SHOE": {
      "tp": 3,
      "fp": 652,
      "fn": 0,
      "precision": 0.004580152671755725,
      "recall": 1.0,
      "f1": 0.009118541033434652
    },
    "NO HELMET": {
      "tp": 2,
      "fp": 506,
      "fn": 0,
      "precision": 0.003937007874015748,
      "recall": 1.0,
      "f1": 0.00784313725490196
    },
    "IMPROPER HELMET": {
      "tp": 1,
      "fp": 258,
      "fn": 0,
      "precision": 0.003861003861003861,
      "recall": 1.0,
      "f1": 0.007692307692307693
    },
    "IMPROPER RIGHT GLOVE": {
      "tp": 0,
      "fp": 2,
      "fn": 0,
      "precision": 0.0,
      "recall": 0.0,
      "f1": 0.0
    }
  }
}