{
  "siteF": {
    "NO LEFT GLOVE": {
      "tp": 1,
      "fp": 689,
      "fn": 2,
      "precision": 0.0014492753623188406,
      "recall": 0.3333333333333333,
      "f1": 0.0028860028860028864
    },
    "NO RIGHT GLOVE": {
      "tp": 1,
      "fp": 689,
      "fn": 2,
      "precision": 0.0014492753623188406,
      "recall": 0.3333333333333333,
      "f1": 0.0028860028860028864
    },
    "NO VEST": {
      "tp": 2,
      "fp": 667,
      "fn": 1,
      "precision": 0.0029895366218236174,
      "recall": 0.6666666666666666,
      "f1": 0.005952380952380952
    },
    "NO RIGHT SHOE": {
      "tp": 2,
      "fp": 614,
      "fn": 1,
      "precision": 0.003246753246753247,
      "recall": 0.6666666666666666,
      "f1": 0.006462035541195477
    },
    "NO LEFT SHOE": {
      "tp": 2,
      "fp": 638,
      "fn": 1,
      "precision": 0.003125,
      "recall": 0.6666666666666666,
      "f1": 0.006220839813374806
    },
    "NO HELMET": {
      "tp": 1,
      "fp": 705,
      "fn": 1,
      "precision": 0.00141643059490085,
      "recall": 0.5,
      "f1": 0.0028248587570621473
    },
    "IMPROPER HELMET": {
      "tp": 1,
      "fp": 71,
      "fn": 0,
      "precision": 0.013888888888888888,
      "recall": 1.0,
      "f1": 0.0273972602739726
    },
    "IMPROPER LEFT GLOVE": {
      "tp": 0,
      "fp": 2,
      "fn": 0,
      "precision": 0.0,
      "recall": 0.0,
      "f1": 0.0
    },
    "IMPROPER RIGHT GLOVE": {
      "tp": 0,
      "fp": 2,
      "fn": 0,
      "precision": 0.0,
      "recall": 0.0,
      "f1": 0.0
    }
  }
}