{
  "siteE": {
    "NO LEFT GLOVE": {
      "tp": 3,
      "fp": 783,
      "fn": 0,
      "precision": 0.003816793893129771,
      "recall": 1.0,
      "f1": 0.0076045627376425855
    },
    "NO RIGHT GLOVE": {
      "tp": 3,
      "fp": 784,
      "fn": 0,
      "precision": 0.0038119440914866584,
      "recall": 1.0,
      "f1": 0.007594936708860761
    },
    "NO VEST": {
      "tp": 3,
      "fp": 719,
      "fn": 0,
      "precision": 0.004155124653739612,
      "recall": 1.0,
      "f1": 0.008275862068965517
    },
    "NO RIGHT SHOE": {
      "tp": 3,
      "fp": 691,
      "fn": 0,
      "precision": 0.004322766570605188,
      "recall": 1.0,
      "f1": 0.008608321377331422
    },
    "NO LEFT SHOE": {
      "tp": 3,
      "fp": 659,
      "fn": 0,
      "precision": 0.004531722054380665,
      "recall": 1.0,
      "f1": 0.009022556390977446
    },
    "NO HELMET": {
      "tp": 2,
      "fp": 625,
      "fn": 0,
      "precision": 0.003189792663476874,
      "recall": 1.0,
      "f1": 0.006359300476947535
    },
    "IMPROPER HELMET": {
      "tp": 1,
      "fp": 267,
      "fn": 0,
      "precision": 0.0037313432835820895,
      "recall": 1.0,
      "f1": 0.007434944237918215
    },
    "IMPROPER LEFT GLOVE": {
      "tp": 0,
      "fp": 7,
      "fn": 0,
      "precision": 0.0,
      "recall": 0.0,
      "f1": 0.0
    },
    "IMPROPER RIGHT GLOVE": {
      "tp": 0,
      "fp": 5,
      "fn": 0,
      "precision": 0.0,
      "recall": 0.0,
      "f1": 0.0
    }
  }
}