{
  "siteD": {
    "NO LEFT GLOVE": {
      "tp": 3,
      "fp": 759,
      "fn": 0,
      "precision": 0.003937007874015748,
      "recall": 1.0,
      "f1": 0.00784313725490196
    },
    "NO RIGHT GLOVE": {
      "tp": 3,
      "fp": 764,
      "fn": 0,
      "precision": 0.003911342894393742,
      "recall": 1.0,
      "f1": 0.007792207792207793
    },
    "NO VEST": {
      "tp": 3,
      "fp": 618,
      "fn": 0,
      "precision": 0.004830917874396135,
      "recall": 1.0,
      "f1": 0.009615384615384614
    },
    "NO RIGHT SHOE": {
      "tp": 3,
      "fp": 710,
      "fn": 0,
      "precision": 0.004207573632538569,
      "recall": 1.0,
      "f1": 0.008379888268156424
    },
    "NO LEFT SHOE": {
      "tp": 3,
      "fp": 681,
      "fn": 0,
      "precision": 0.0043859649122807015,
      "recall": 1.0,
      "f1": 0.008733624454148471
    },
    "NO HELMET": {
      "tp": 2,
      "fp": 795,
      "fn": 0,
      "precision": 0.002509410288582183,
      "recall": 1.0,
      "f1": 0.0050062578222778474
    },
    "IMPROPER HELMET": {
      "tp": 1,
      "fp": 183,
      "fn": 0,
      "precision": 0.005434782608695652,
      "recall": 1.0,
      "f1": 0.010810810810810811
    },
    "IMPROPER RIGHT GLOVE": {
      "tp": 0,
      "fp": 4,
      "fn": 0,
      "precision": 0.0,
      "recall": 0.0,
      "f1": 0.0
    },
    "IMPROPER LEFT GLOVE": {
      "tp": 0,
      "fp": 7,
      "fn": 0,
      "precision": 0.0,
      "recall": 0.0,
      "f1": 0.0
    }
  }
}