{
  "siteE": {
    "NO LEFT GLOVE": {
      "tp": 3,
      "fp": 662,
      "fn": 0,
      "precision": 0.004511278195488722,
      "recall": 1.0,
      "f1": 0.008982035928143712
    },
    "NO RIGHT GLOVE": {
      "tp": 3,
      "fp": 665,
      "fn": 0,
      "precision": 0.004491017964071856,
      "recall": 1.0,
      "f1": 0.00894187779433681
    },
    "NO VEST": {
      "tp": 3,
      "fp": 511,
      "fn": 0,
      "precision": 0.005836575875486381,
      "recall": 1.0,
      "f1": 0.01160541586073501
    },
    "NO RIGHT SHOE": {
      "tp": 3,
      "fp": 638,
      "fn": 0,
      "precision": 0.0046801872074883,
      "recall": 1.0,
      "f1": 0.009316770186335406
    },
    "NO LEFT SHOE": {
      "tp": 3,
      "fp": 627,
      "fn": 0,
      "precision": 0.004761904761904762,
      "recall": 1.0,
      "f1": 0.009478672985781991
    },
    "NO HELMET": {
      "tp": 2,
      "fp": 723,
      "fn": 0,
      "precision": 0.002758620689655172,
      "recall": 1.0,
      "f1": 0.005502063273727647
    },
    "IMPROPER HELMET": {
      "tp": 1,
      "fp": 94,
      "fn": 0,
      "precision": 0.010526315789473684,
      "recall": 1.0,
      "f1": 0.020833333333333332
    },
    "IMPROPER RIGHT GLOVE": {
      "tp": 0,
      "fp": 9,
      "fn": 0,
      "precision": 0.0,
      "recall": 0.0,
      "f1": 0.0
    },
    "IMPROPER LEFT GLOVE": {
      "tp": 0,
      "fp": 12,
      "fn": 0,
      "precision": 0.0,
      "recall": 0.0,
      "f1": 0.0
    }
  }
}