{
  "siteA": {
    "NO LEFT GLOVE": {
      "tp": 1,
      "fp": 931,
      "fn": 1,
      "precision": 0.001072961373390558,
      "recall": 0.5,
      "f1": 0.0021413276231263384
    },
    "NO RIGHT GLOVE": {
      "tp": 2,
      "fp": 929,
      "fn": 1,
      "precision": 0.0021482277121374865,
      "recall": 0.6666666666666666,
      "f1": 0.004282655246252676
    },
    "NO RIGHT SHOE": {
      "tp": 2,
      "fp": 913,
      "fn": 0,
      "precision": 0.002185792349726776,
      "recall": 1.0,
      "f1": 0.004362050163576881
    },
    "NO LEFT SHOE": {
      "tp": 2,
      "fp": 912,
      "fn": 0,
      "precision": 0.002188183807439825,
      "recall": 1.0,
      "f1": 0.004366812227074236
    },
    "NO VEST": {
      "tp": 2,
      "fp": 735,
      "fn": 0,
      "precision": 0.0027137042062415195,
      "recall": 1.0,
      "f1": 0.005412719891745602
    },
    "NO HELMET": {
      "tp": 1,
      "fp": 705,
      "fn": 1,
      "precision": 0.00141643059490085,
      "recall": 0.5,
      "f1": 0.0028248587570621473
    },
    "IMPROPER HELMET": {
      "tp": 0,
      "fp": 241,
      "fn": 0,
      "precision": 0.0,
      "recall": 0.0,
      "f1": 0.0
    },
    "IMPROPER LEFT GLOVE": {
      "tp": 0,
      "fp": 1,
      "fn": 0,
      "precision": 0.0,
      "recall": 0.0,
      "f1": 0.0
    }
  }
}