{
  "siteF": {
    "NO LEFT GLOVE": {
      "tp": 2,
      "fp": 670,
      "fn": 1,
      "precision": 0.002976190476190476,
      "recall": 0.6666666666666666,
      "f1": 0.005925925925925926
    },
    "NO RIGHT GLOVE": {
      "tp": 2,
      "fp": 670,
      "fn": 1,
      "precision": 0.002976190476190476,
      "recall": 0.6666666666666666,
      "f1": 0.005925925925925926
    },
    "NO VEST": {
      "tp": 2,
      "fp": 639,
      "fn": 1,
      "precision": 0.0031201248049922,
      "recall": 0.6666666666666666,
      "f1": 0.006211180124223602
    },
    "NO RIGHT SHOE": {
      "tp": 2,
      "fp": 686,
      "fn": 1,
      "precision": 0.0029069767441860465,
      "recall": 0.6666666666666666,
      "f1": 0.0057887120115774245
    },
    "NO LEFT SHOE": {
      "tp": 2,
      "fp": 687,
      "fn": 1,
      "precision": 0.002902757619738752,
      "recall": 0.6666666666666666,
      "f1": 0.005780346820809248
    },
    "NO HELMET": {
      "tp": 1,
      "fp": 602,
      "fn": 1,
      "precision": 0.001658374792703151,
      "recall": 0.5,
      "f1": 0.003305785123966942
    },
    "IMPROPER HELMET": {
      "tp": 1,
      "fp": 250,
      "fn": 0,
      "precision": 0.00398406374501992,
      "recall": 1.0,
      "f1": 0.007936507936507936
    }
  }
}