violation,precision,recall,f1,tp,fp,fn
NO HELMET,0.19741100323624594,0.14454976303317535,0.16689466484268123,61,248,361
NO VEST,0.2857142857142857,0.15165876777251186,0.1981424148606811,96,240,537
NO LEFT GLOVE,0.2288888888888889,0.1627172195892575,0.19021237303785782,103,347,530
NO RIGHT GLOVE,0.23059866962305986,0.16429699842022116,0.19188191881918817,104,347,529
NO LEFT SHOE,0.1980440097799511,0.12796208530805686,0.15547024952015356,81,328,552
NO RIGHT SHOE,0.19813519813519814,0.13428120063191154,0.160075329566855,85,344,548
IMPROPER HELMET,0.05228758169934641,0.037914691943127965,0.04395604395604395,8,145,203
IMPROPER LEFT GLOVE,0.0,0.0,0.0,0,2,0
IMPROPER RIGHT GLOVE,0.0,0.0,0.0,0,1,0
