{
  "NO HELMET": {
    "tp": 51,
    "fp": 322,
    "fn": 381,
    "precision": 0.13672922252010725,
    "recall": 0.11805555555555555,
    "f1": 0.12670807453416147
  },
  "NO VEST": {
    "tp": 76,
    "fp": 371,
    "fn": 572,
    "precision": 0.17002237136465326,
    "recall": 0.11728395061728394,
    "f1": 0.13881278538812786
  },
  "NO LEFT GLOVE": {
    "tp": 77,
    "fp": 426,
    "fn": 571,
    "precision": 0.15308151093439365,
    "recall": 0.11882716049382716,
    "f1": 0.13379669852302345
  },
  "NO RIGHT GLOVE": {
    "tp": 79,
    "fp": 427,
    "fn": 569,
    "precision": 0.15612648221343872,
    "recall": 0.12191358024691358,
    "f1": 0.1369150779896014
  },
  "NO LEFT SHOE": {
    "tp": 74,
    "fp": 334,
    "fn": 574,
    "precision": 0.18137254901960784,
    "recall": 0.11419753086419752,
    "f1": 0.14015151515151517
  },
  "NO RIGHT SHOE": {
    "tp": 76,
    "fp": 345,
    "fn": 572,
    "precision": 0.18052256532066507,
    "recall": 0.11728395061728394,
    "f1": 0.1421889616463985
  },
  "IMPROPER HELMET": {
    "tp": 9,
    "fp": 135,
    "fn": 207,
    "precision": 0.0625,
    "recall": 0.041666666666666664,
    "f1": 0.05
  },
  "IMPROPER LEFT GLOVE": {
    "tp": 0,
    "fp": 3,
    "fn": 0,
    "precision": 0.0,
    "recall": 0.0,
    "f1": 0.0
  },
  "IMPROPER RIGHT GLOVE": {
    "tp": 0,
    "fp": 1,
    "fn": 0,
    "precision": 0.0,
    "recall": 0.0,
    "f1": 0.0
  },
  "ID_MATCH": {
    "tp": 221,
    "fn": 859,
    "precision": 0.4258188824662813,
    "recall": 0.20462962962962963
  },
  "CER_mean": 1.0703703703703704
}