{
  "NO HELMET": {
    "tp": 52,
    "fp": 278,
    "fn": 374,
    "precision": 0.15757575757575756,
    "recall": 0.12206572769953052,
    "f1": 0.13756613756613756
  },
  "NO VEST": {
    "tp": 58,
    "fp": 222,
    "fn": 581,
    "precision": 0.20714285714285716,
    "recall": 0.09076682316118936,
    "f1": 0.1262241566920566
  },
  "NO LEFT GLOVE": {
    "tp": 61,
    "fp": 314,
    "fn": 578,
    "precision": 0.16266666666666665,
    "recall": 0.09546165884194054,
    "f1": 0.12031558185404338
  },
  "NO RIGHT GLOVE": {
    "tp": 61,
    "fp": 314,
    "fn": 578,
    "precision": 0.16266666666666665,
    "recall": 0.09546165884194054,
    "f1": 0.12031558185404338
  },
  "NO LEFT SHOE": {
    "tp": 66,
    "fp": 284,
    "fn": 573,
    "precision": 0.18857142857142858,
    "recall": 0.10328638497652583,
    "f1": 0.13346814964610718
  },
  "NO RIGHT SHOE": {
    "tp": 66,
    "fp": 291,
    "fn": 573,
    "precision": 0.18487394957983194,
    "recall": 0.10328638497652583,
    "f1": 0.13253012048192772
  },
  "IMPROPER HELMET": {
    "tp": 3,
    "fp": 58,
    "fn": 210,
    "precision": 0.04918032786885246,
    "recall": 0.014084507042253521,
    "f1": 0.021897810218978103
  },
  "IMPROPER LEFT GLOVE": {
    "tp": 0,
    "fp": 4,
    "fn": 0,
    "precision": 0.0,
    "recall": 0.0,
    "f1": 0.0
  },
  "IMPROPER RIGHT GLOVE": {
    "tp": 0,
    "fp": 5,
    "fn": 0,
    "precision": 0.0,
    "recall": 0.0,
    "f1": 0.0
  },
  "ID_MATCH": {
    "tp": 197,
    "fn": 868,
    "precision": 0.5025510204081632,
    "recall": 0.18497652582159624
  },
  "CER_mean": 0.7681159420289856
}