violation,precision,recall,f1,tp,fp,fn
NO HELMET,0.012048192771084338,0.002242152466367713,0.003780718336483932,1,82,445
NO VEST,0.0,0.0,0.0,0,79,446
NO LEFT GLOVE,0.045454545454545456,0.008968609865470852,0.0149812734082397,4,84,442
NO RIGHT GLOVE,0.04597701149425287,0.005979073243647235,0.010582010582010583,4,83,665
NO LEFT SHOE,0.041666666666666664,0.006726457399103139,0.011583011583011584,3,69,443
NO RIGHT SHOE,0.04,0.006726457399103139,0.011516314779270634,3,72,443
IMPROPER HELMET,0.0,0.0,0.0,0,5,0
IMPROPER LEFT GLOVE,0.0,0.0,0.0,0,0,0
IMPROPER RIGHT GLOVE,0.0,0.0,0.0,0,1,0
