{
  "NO HELMET": {
    "tp": 7,
    "fp": 100,
    "fn": 419,
    "precision": 0.06542056074766354,
    "recall": 0.01643192488262911,
    "f1": 0.02626641651031895
  },
  "NO VEST": {
    "tp": 4,
    "fp": 57,
    "fn": 422,
    "precision": 0.06557377049180328,
    "recall": 0.009389671361502348,
    "f1": 0.01642710472279261
  },
  "NO LEFT GLOVE": {
    "tp": 33,
    "fp": 98,
    "fn": 393,
    "precision": 0.25190839694656486,
    "recall": 0.07746478873239436,
    "f1": 0.11849192100538598
  },
  "NO RIGHT GLOVE": {
    "tp": 32,
    "fp": 97,
    "fn": 607,
    "precision": 0.24806201550387597,
    "recall": 0.050078247261345854,
    "f1": 0.08333333333333333
  },
  "NO LEFT SHOE": {
    "tp": 26,
    "fp": 89,
    "fn": 400,
    "precision": 0.22608695652173913,
    "recall": 0.06103286384976526,
    "f1": 0.09611829944547134
  },
  "NO RIGHT SHOE": {
    "tp": 27,
    "fp": 83,
    "fn": 399,
    "precision": 0.24545454545454545,
    "recall": 0.06338028169014084,
    "f1": 0.10074626865671642
  },
  "IMPROPER HELMET": {
    "tp": 0,
    "fp": 24,
    "fn": 0,
    "precision": 0.0,
    "recall": 0.0,
    "f1": 0.0
  },
  "IMPROPER LEFT GLOVE": {
    "tp": 0,
    "fp": 0,
    "fn": 0,
    "precision": 0.0,
    "recall": 0.0,
    "f1": 0.0
  },
  "IMPROPER RIGHT GLOVE": {
    "tp": 0,
    "fp": 2,
    "fn": 0,
    "precision": 0.0,
    "recall": 0.0,
    "f1": 0.0
  },
  "ID_MATCH": {
    "tp": 59,
    "fn": 1006,
    "precision": 0.45038167938931295,
    "recall": 0.05539906103286385
  },
  "CER_mean": 0.38888888888888884
}