{
  "NO HELMET": {
    "tp": 5,
    "fp": 118,
    "fn": 419,
    "precision": 0.04065040650406504,
    "recall": 0.01179245283018868,
    "f1": 0.01828153564899452
  },
  "NO VEST": {
    "tp": 43,
    "fp": 90,
    "fn": 593,
    "precision": 0.3233082706766917,
    "recall": 0.06761006289308176,
    "f1": 0.11183355006501951
  },
  "NO LEFT GLOVE": {
    "tp": 44,
    "fp": 167,
    "fn": 592,
    "precision": 0.20853080568720378,
    "recall": 0.06918238993710692,
    "f1": 0.10389610389610389
  },
  "NO RIGHT GLOVE": {
    "tp": 44,
    "fp": 167,
    "fn": 592,
    "precision": 0.20853080568720378,
    "recall": 0.06918238993710692,
    "f1": 0.10389610389610389
  },
  "NO LEFT SHOE": {
    "tp": 12,
    "fp": 194,
    "fn": 624,
    "precision": 0.05825242718446602,
    "recall": 0.018867924528301886,
    "f1": 0.028503562945368172
  },
  "NO RIGHT SHOE": {
    "tp": 12,
    "fp": 189,
    "fn": 624,
    "precision": 0.05970149253731343,
    "recall": 0.018867924528301886,
    "f1": 0.028673835125448025
  },
  "IMPROPER HELMET": {
    "tp": 2,
    "fp": 88,
    "fn": 210,
    "precision": 0.022222222222222223,
    "recall": 0.009433962264150943,
    "f1": 0.01324503311258278
  },
  "IMPROPER LEFT GLOVE": {
    "tp": 0,
    "fp": 0,
    "fn": 0,
    "precision": 0.0,
    "recall": 0.0,
    "f1": 0.0
  },
  "IMPROPER RIGHT GLOVE": {
    "tp": 0,
    "fp": 0,
    "fn": 0,
    "precision": 0.0,
    "recall": 0.0,
    "f1": 0.0
  },
  "ID_MATCH": {
    "tp": 91,
    "fn": 969,
    "precision": 0.4252336448598131,
    "recall": 0.08584905660377358
  },
  "CER_mean": 0.5833333333333333
}