violation,precision,recall,f1,tp,fp,fn
NO HELMET,0.14925373134328357,0.046948356807511735,0.07142857142857142,20,114,406
NO VEST,0.19672131147540983,0.07511737089201878,0.10872027180067952,48,196,591
NO LEFT GLOVE,0.17328519855595667,0.07511737089201878,0.10480349344978165,48,229,591
NO RIGHT GLOVE,0.17391304347826086,0.07511737089201878,0.10491803278688525,48,228,591
NO LEFT SHOE,0.11196911196911197,0.04538341158059468,0.0645879732739421,29,230,610
NO RIGHT SHOE,0.10227272727272728,0.04225352112676056,0.05980066445182724,27,237,612
IMPROPER HELMET,0.006944444444444444,0.004694835680751174,0.0056022408963585435,1,143,212
IMPROPER LEFT GLOVE,0.0,0.0,0.0,0,0,0
IMPROPER RIGHT GLOVE,0.0,0.0,0.0,0,1,0
