violation,precision,recall,f1,tp,fp,fn
NO HELMET,0.0,0.0,0.0,0,181,0
NO VEST,0.016483516483516484,0.006772009029345372,0.0096,3,179,440
NO LEFT GLOVE,0.017543859649122806,0.013544018058690745,0.015286624203821654,6,336,437
NO RIGHT GLOVE,0.01764705882352941,0.013544018058690745,0.01532567049808429,6,334,437
NO LEFT SHOE,0.2889908256880734,0.14221218961625282,0.1906202723146747,63,155,380
NO RIGHT SHOE,0.2743362831858407,0.1399548532731377,0.18535127055306425,62,164,381
IMPROPER HELMET,0.0,0.0,0.0,0,181,0
IMPROPER LEFT GLOVE,0.0,0.0,0.0,0,9,0
IMPROPER RIGHT GLOVE,0.0,0.0,0.0,0,11,0
