violation,precision,recall,f1,tp,fp,fn
NO HELMET,0.04838709677419355,0.0071090047393364926,0.012396694214876033,3,59,419
NO VEST,0.2222222222222222,0.0631911532385466,0.09840098400984008,40,140,593
NO LEFT GLOVE,0.19704433497536947,0.0631911532385466,0.0956937799043062,40,163,593
NO RIGHT GLOVE,0.19704433497536947,0.0631911532385466,0.0956937799043062,40,163,593
NO LEFT SHOE,0.06432748538011696,0.017377567140600316,0.02736318407960199,11,160,622
NO RIGHT SHOE,0.08522727272727272,0.023696682464454975,0.037082818294190356,15,161,618
IMPROPER HELMET,0.06164383561643835,0.04265402843601896,0.0504201680672269,9,137,202
IMPROPER LEFT GLOVE,0.0,0.0,0.0,0,0,0
IMPROPER RIGHT GLOVE,0.0,0.0,0.0,0,0,0
