violation,precision,recall,f1,tp,fp,fn
NO HELMET,0.04065040650406504,0.01179245283018868,0.01828153564899452,5,118,419
NO VEST,0.3233082706766917,0.06761006289308176,0.11183355006501951,43,90,593
NO LEFT GLOVE,0.20853080568720378,0.06918238993710692,0.10389610389610389,44,167,592
NO RIGHT GLOVE,0.20853080568720378,0.06918238993710692,0.10389610389610389,44,167,592
NO LEFT SHOE,0.05825242718446602,0.018867924528301886,0.028503562945368172,12,194,624
NO RIGHT SHOE,0.05970149253731343,0.018867924528301886,0.028673835125448025,12,189,624
IMPROPER HELMET,0.022222222222222223,0.009433962264150943,0.01324503311258278,2,88,210
IMPROPER LEFT GLOVE,0.0,0.0,0.0,0,0,0
IMPROPER RIGHT GLOVE,0.0,0.0,0.0,0,0,0
