violation,precision,recall,f1,tp,fp,fn
NO HELMET,0.0,0.0,0.0,0,215,476
NO VEST,0.005988023952095809,0.0021008403361344537,0.003110419906687403,1,166,475
NO LEFT GLOVE,0.018726591760299626,0.01050420168067227,0.013458950201884253,5,262,471
NO RIGHT GLOVE,0.022556390977443608,0.008403361344537815,0.012244897959183673,6,260,708
NO LEFT SHOE,0.02586206896551724,0.012605042016806723,0.01694915254237288,6,226,470
NO RIGHT SHOE,0.025,0.012605042016806723,0.01675977653631285,6,234,470
IMPROPER HELMET,0.0,0.0,0.0,0,59,0
IMPROPER LEFT GLOVE,0.0,0.0,0.0,0,3,0
IMPROPER RIGHT GLOVE,0.0,0.0,0.0,0,4,0
