{
  "NO HELMET": {
    "tp": 20,
    "fp": 114,
    "fn": 406,
    "precision": 0.14925373134328357,
    "recall": 0.046948356807511735,
    "f1": 0.07142857142857142
  },
  "NO VEST": {
    "tp": 48,
    "fp": 196,
    "fn": 591,
    "precision": 0.19672131147540983,
    "recall": 0.07511737089201878,
    "f1": 0.10872027180067952
  },
  "NO LEFT GLOVE": {
    "tp": 48,
    "fp": 229,
    "fn": 591,
    "precision": 0.17328519855595667,
    "recall": 0.07511737089201878,
    "f1": 0.10480349344978165
  },
  "NO RIGHT GLOVE": {
    "tp": 48,
    "fp": 228,
    "fn": 591,
    "precision": 0.17391304347826086,
    "recall": 0.07511737089201878,
    "f1": 0.10491803278688525
  },
  "NO LEFT SHOE": {
    "tp": 29,
    "fp": 230,
    "fn": 610,
    "precision": 0.11196911196911197,
    "recall": 0.04538341158059468,
    "f1": 0.0645879732739421
  },
  "NO RIGHT SHOE": {
    "tp": 27,
    "fp": 237,
    "fn": 612,
    "precision": 0.10227272727272728,
    "recall": 0.04225352112676056,
    "f1": 0.05980066445182724
  },
  "IMPROPER HELMET": {
    "tp": 1,
    "fp": 143,
    "fn": 212,
    "precision": 0.006944444444444444,
    "recall": 0.004694835680751174,
    "f1": 0.0056022408963585435
  },
  "IMPROPER LEFT GLOVE": {
    "tp": 0,
    "fp": 0,
    "fn": 0,
    "precision": 0.0,
    "recall": 0.0,
    "f1": 0.0
  },
  "IMPROPER RIGHT GLOVE": {
    "tp": 0,
    "fp": 1,
    "fn": 0,
    "precision": 0.0,
    "recall": 0.0,
    "f1": 0.0
  },
  "ID_MATCH": {
    "tp": 100,
    "fn": 965,
    "precision": 0.35842293906810035,
    "recall": 0.09389671361502347
  },
  "CER_mean": 0.6818181818181818
}