{
  "NO HELMET": {
    "tp": 3,
    "fp": 59,
    "fn": 419,
    "precision": 0.04838709677419355,
    "recall": 0.0071090047393364926,
    "f1": 0.012396694214876033
  },
  "NO VEST": {
    "tp": 40,
    "fp": 140,
    "fn": 593,
    "precision": 0.2222222222222222,
    "recall": 0.0631911532385466,
    "f1": 0.09840098400984008
  },
  "NO LEFT GLOVE": {
    "tp": 40,
    "fp": 163,
    "fn": 593,
    "precision": 0.19704433497536947,
    "recall": 0.0631911532385466,
    "f1": 0.0956937799043062
  },
  "NO RIGHT GLOVE": {
    "tp": 40,
    "fp": 163,
    "fn": 593,
    "precision": 0.19704433497536947,
    "recall": 0.0631911532385466,
    "f1": 0.0956937799043062
  },
  "NO LEFT SHOE": {
    "tp": 11,
    "fp": 160,
    "fn": 622,
    "precision": 0.06432748538011696,
    "recall": 0.017377567140600316,
    "f1": 0.02736318407960199
  },
  "NO RIGHT SHOE": {
    "tp": 15,
    "fp": 161,
    "fn": 618,
    "precision": 0.08522727272727272,
    "recall": 0.023696682464454975,
    "f1": 0.037082818294190356
  },
  "IMPROPER HELMET": {
    "tp": 9,
    "fp": 137,
    "fn": 202,
    "precision": 0.06164383561643835,
    "recall": 0.04265402843601896,
    "f1": 0.0504201680672269
  },
  "IMPROPER LEFT GLOVE": {
    "tp": 0,
    "fp": 0,
    "fn": 0,
    "precision": 0.0,
    "recall": 0.0,
    "f1": 0.0
  },
  "IMPROPER RIGHT GLOVE": {
    "tp": 0,
    "fp": 0,
    "fn": 0,
    "precision": 0.0,
    "recall": 0.0,
    "f1": 0.0
  },
  "ID_MATCH": {
    "tp": 55,
    "fn": 1000,
    "precision": 0.2644230769230769,
    "recall": 0.052132701421800945
  },
  "CER_mean": 0.6666666666666666
}