{
  "NO HELMET": {
    "tp": 1,
    "fp": 55,
    "fn": 423,
    "precision": 0.017857142857142856,
    "recall": 0.0023584905660377358,
    "f1": 0.004166666666666667
  },
  "NO VEST": {
    "tp": 50,
    "fp": 62,
    "fn": 586,
    "precision": 0.44642857142857145,
    "recall": 0.07861635220125786,
    "f1": 0.1336898395721925
  },
  "NO LEFT GLOVE": {
    "tp": 51,
    "fp": 62,
    "fn": 585,
    "precision": 0.45132743362831856,
    "recall": 0.08018867924528301,
    "f1": 0.13618157543391188
  },
  "NO RIGHT GLOVE": {
    "tp": 51,
    "fp": 62,
    "fn": 585,
    "precision": 0.45132743362831856,
    "recall": 0.08018867924528301,
    "f1": 0.13618157543391188
  },
  "NO LEFT SHOE": {
    "tp": 28,
    "fp": 84,
    "fn": 608,
    "precision": 0.25,
    "recall": 0.0440251572327044,
    "f1": 0.0748663101604278
  },
  "NO RIGHT SHOE": {
    "tp": 29,
    "fp": 84,
    "fn": 607,
    "precision": 0.25663716814159293,
    "recall": 0.04559748427672956,
    "f1": 0.0774365821094793
  },
  "IMPROPER HELMET": {
    "tp": 12,
    "fp": 46,
    "fn": 200,
    "precision": 0.20689655172413793,
    "recall": 0.05660377358490566,
    "f1": 0.08888888888888888
  },
  "IMPROPER LEFT GLOVE": {
    "tp": 0,
    "fp": 0,
    "fn": 0,
    "precision": 0.0,
    "recall": 0.0,
    "f1": 0.0
  },
  "IMPROPER RIGHT GLOVE": {
    "tp": 0,
    "fp": 0,
    "fn": 0,
    "precision": 0.0,
    "recall": 0.0,
    "f1": 0.0
  },
  "ID_MATCH": {
    "tp": 55,
    "fn": 1005,
    "precision": 0.4824561403508772,
    "recall": 0.05188679245283019
  },
  "CER_mean": 0.75
}