violation,precision,recall,f1,tp,fp,fn
NO HELMET,0.09852216748768473,0.04672897196261682,0.06339144215530904,20,183,408
NO VEST,0.4127659574468085,0.15109034267912771,0.2212086659064994,97,138,545
NO LEFT GLOVE,0.3089700996677741,0.14485981308411214,0.1972428419936373,93,208,549
NO RIGHT GLOVE,0.31333333333333335,0.14641744548286603,0.1995753715498938,94,206,548
NO LEFT SHOE,0.12992125984251968,0.0514018691588785,0.07366071428571427,33,221,609
NO RIGHT SHOE,0.1388888888888889,0.05451713395638629,0.07829977628635347,35,217,607
IMPROPER HELMET,0.08928571428571429,0.04672897196261682,0.06134969325153374,10,102,204
IMPROPER LEFT GLOVE,0.0,0.0,0.0,0,1,0
IMPROPER RIGHT GLOVE,0.0,0.0,0.0,0,2,0
