violation,precision,recall,f1,tp,fp,fn
NO HELMET,0.06542056074766354,0.01643192488262911,0.02626641651031895,7,100,419
NO VEST,0.06557377049180328,0.009389671361502348,0.01642710472279261,4,57,422
NO LEFT GLOVE,0.25190839694656486,0.07746478873239436,0.11849192100538598,33,98,393
NO RIGHT GLOVE,0.24806201550387597,0.050078247261345854,0.08333333333333333,32,97,607
NO LEFT SHOE,0.22608695652173913,0.06103286384976526,0.09611829944547134,26,89,400
NO RIGHT SHOE,0.24545454545454545,0.06338028169014084,0.10074626865671642,27,83,399
IMPROPER HELMET,0.0,0.0,0.0,0,24,0
IMPROPER LEFT GLOVE,0.0,0.0,0.0,0,0,0
IMPROPER RIGHT GLOVE,0.0,0.0,0.0,0,2,0
