{
  "NO HELMET": {
    "tp": 8,
    "fp": 16,
    "fn": 438,
    "precision": 0.3333333333333333,
    "recall": 0.017937219730941704,
    "f1": 0.03404255319148936
  },
  "NO VEST": {
    "tp": 13,
    "fp": 13,
    "fn": 433,
    "precision": 0.5,
    "recall": 0.02914798206278027,
    "f1": 0.05508474576271187
  },
  "NO LEFT GLOVE": {
    "tp": 6,
    "fp": 30,
    "fn": 440,
    "precision": 0.16666666666666666,
    "recall": 0.013452914798206279,
    "f1": 0.024896265560165973
  },
  "NO RIGHT GLOVE": {
    "tp": 9,
    "fp": 27,
    "fn": 660,
    "precision": 0.25,
    "recall": 0.013452914798206279,
    "f1": 0.025531914893617023
  },
  "NO LEFT SHOE": {
    "tp": 7,
    "fp": 27,
    "fn": 439,
    "precision": 0.20588235294117646,
    "recall": 0.01569506726457399,
    "f1": 0.029166666666666667
  },
  "NO RIGHT SHOE": {
    "tp": 7,
    "fp": 27,
    "fn": 439,
    "precision": 0.20588235294117646,
    "recall": 0.01569506726457399,
    "f1": 0.029166666666666667
  },
  "IMPROPER HELMET": {
    "tp": 0,
    "fp": 13,
    "fn": 0,
    "precision": 0.0,
    "recall": 0.0,
    "f1": 0.0
  },
  "IMPROPER LEFT GLOVE": {
    "tp": 0,
    "fp": 0,
    "fn": 0,
    "precision": 0.0,
    "recall": 0.0,
    "f1": 0.0
  },
  "IMPROPER RIGHT GLOVE": {
    "tp": 0,
    "fp": 0,
    "fn": 0,
    "precision": 0.0,
    "recall": 0.0,
    "f1": 0.0
  },
  "ID_MATCH": {
    "tp": 23,
    "fn": 1092,
    "precision": 0.6216216216216216,
    "recall": 0.02062780269058296
  },
  "CER_mean": 1.0
}