violation,precision,recall,f1,tp,fp,fn
NO HELMET,0.13672922252010725,0.11805555555555555,0.12670807453416147,51,322,381
NO VEST,0.17002237136465326,0.11728395061728394,0.13881278538812786,76,371,572
NO LEFT GLOVE,0.15308151093439365,0.11882716049382716,0.13379669852302345,77,426,571
NO RIGHT GLOVE,0.15612648221343872,0.12191358024691358,0.1369150779896014,79,427,569
NO LEFT SHOE,0.18137254901960784,0.11419753086419752,0.14015151515151517,74,334,574
NO RIGHT SHOE,0.18052256532066507,0.11728395061728394,0.1421889616463985,76,345,572
IMPROPER HELMET,0.0625,0.041666666666666664,0.05,9,135,207
IMPROPER LEFT GLOVE,0.0,0.0,0.0,0,3,0
IMPROPER RIGHT GLOVE,0.0,0.0,0.0,0,1,0
