{
  "NO HELMET": {
    "tp": 20,
    "fp": 183,
    "fn": 408,
    "precision": 0.09852216748768473,
    "recall": 0.04672897196261682,
    "f1": 0.06339144215530904
  },
  "NO VEST": {
    "tp": 97,
    "fp": 138,
    "fn": 545,
    "precision": 0.4127659574468085,
    "recall": 0.15109034267912771,
    "f1": 0.2212086659064994
  },
  "NO LEFT GLOVE": {
    "tp": 93,
    "fp": 208,
    "fn": 549,
    "precision": 0.3089700996677741,
    "recall": 0.14485981308411214,
    "f1": 0.1972428419936373
  },
  "NO RIGHT GLOVE": {
    "tp": 94,
    "fp": 206,
    "fn": 548,
    "precision": 0.31333333333333335,
    "recall": 0.14641744548286603,
    "f1": 0.1995753715498938
  },
  "NO LEFT SHOE": {
    "tp": 33,
    "fp": 221,
    "fn": 609,
    "precision": 0.12992125984251968,
    "recall": 0.0514018691588785,
    "f1": 0.07366071428571427
  },
  "NO RIGHT SHOE": {
    "tp": 35,
    "fp": 217,
    "fn": 607,
    "precision": 0.1388888888888889,
    "recall": 0.05451713395638629,
    "f1": 0.07829977628635347
  },
  "IMPROPER HELMET": {
    "tp": 10,
    "fp": 102,
    "fn": 204,
    "precision": 0.08928571428571429,
    "recall": 0.04672897196261682,
    "f1": 0.06134969325153374
  },
  "IMPROPER LEFT GLOVE": {
    "tp": 0,
    "fp": 1,
    "fn": 0,
    "precision": 0.0,
    "recall": 0.0,
    "f1": 0.0
  },
  "IMPROPER RIGHT GLOVE": {
    "tp": 0,
    "fp": 2,
    "fn": 0,
    "precision": 0.0,
    "recall": 0.0,
    "f1": 0.0
  },
  "ID_MATCH": {
    "tp": 156,
    "fn": 914,
    "precision": 0.49523809523809526,
    "recall": 0.14579439252336449
  },
  "CER_mean": 0.8695652173913043
}