violation,precision,recall,f1,tp,fp,fn
NO HELMET,0.01984126984126984,0.01179245283018868,0.014792899408284026,5,247,419
NO VEST,0.024193548387096774,0.009433962264150943,0.013574660633484163,6,242,630
NO LEFT GLOVE,0.019011406844106463,0.007861635220125786,0.011123470522803115,5,258,631
NO RIGHT GLOVE,0.019011406844106463,0.007861635220125786,0.011123470522803115,5,258,631
NO LEFT SHOE,0.022935779816513763,0.007861635220125786,0.0117096018735363,5,213,631
NO RIGHT SHOE,0.025906735751295335,0.007861635220125786,0.012062726176115802,5,188,631
IMPROPER HELMET,0.15789473684210525,0.014150943396226415,0.025974025974025972,3,16,209
IMPROPER LEFT GLOVE,0.0,0.0,0.0,0,1,0
IMPROPER RIGHT GLOVE,0.0,0.0,0.0,0,1,0
