{
  "NO HELMET": {
    "tp": 0,
    "fp": 181,
    "fn": 0,
    "precision": 0.0,
    "recall": 0.0,
    "f1": 0.0
  },
  "NO VEST": {
    "tp": 3,
    "fp": 179,
    "fn": 440,
    "precision": 0.016483516483516484,
    "recall": 0.006772009029345372,
    "f1": 0.0096
  },
  "NO LEFT GLOVE": {
    "tp": 6,
    "fp": 336,
    "fn": 437,
    "precision": 0.017543859649122806,
    "recall": 0.013544018058690745,
    "f1": 0.015286624203821654
  },
  "NO RIGHT GLOVE": {
    "tp": 6,
    "fp": 334,
    "fn": 437,
    "precision": 0.01764705882352941,
    "recall": 0.013544018058690745,
    "f1": 0.01532567049808429
  },
  "NO LEFT SHOE": {
    "tp": 63,
    "fp": 155,
    "fn": 380,
    "precision": 0.2889908256880734,
    "recall": 0.14221218961625282,
    "f1": 0.1906202723146747
  },
  "NO RIGHT SHOE": {
    "tp": 62,
    "fp": 164,
    "fn": 381,
    "precision": 0.2743362831858407,
    "recall": 0.1399548532731377,
    "f1": 0.18535127055306425
  },
  "IMPROPER HELMET": {
    "tp": 0,
    "fp": 181,
    "fn": 0,
    "precision": 0.0,
    "recall": 0.0,
    "f1": 0.0
  },
  "IMPROPER LEFT GLOVE": {
    "tp": 0,
    "fp": 9,
    "fn": 0,
    "precision": 0.0,
    "recall": 0.0,
    "f1": 0.0
  },
  "IMPROPER RIGHT GLOVE": {
    "tp": 0,
    "fp": 11,
    "fn": 0,
    "precision": 0.0,
    "recall": 0.0,
    "f1": 0.0
  },
  "ID_MATCH": {
    "tp": 141,
    "fn": 1631,
    "precision": 0.38419618528610355,
    "recall": 0.07957110609480812
  },
  "CER_mean": 0.8944444444444444
}