{
  "NO HELMET": {
    "tp": 1,
    "fp": 82,
    "fn": 445,
    "precision": 0.012048192771084338,
    "recall": 0.002242152466367713,
    "f1": 0.003780718336483932
  },
  "NO VEST": {
    "tp": 0,
    "fp": 79,
    "fn": 446,
    "precision": 0.0,
    "recall": 0.0,
    "f1": 0.0
  },
  "NO LEFT GLOVE": {
    "tp": 4,
    "fp": 84,
    "fn": 442,
    "precision": 0.045454545454545456,
    "recall": 0.008968609865470852,
    "f1": 0.0149812734082397
  },
  "NO RIGHT GLOVE": {
    "tp": 4,
    "fp": 83,
    "fn": 665,
    "precision": 0.04597701149425287,
    "recall": 0.005979073243647235,
    "f1": 0.010582010582010583
  },
  "NO LEFT SHOE": {
    "tp": 3,
    "fp": 69,
    "fn": 443,
    "precision": 0.041666666666666664,
    "recall": 0.006726457399103139,
    "f1": 0.011583011583011584
  },
  "NO RIGHT SHOE": {
    "tp": 3,
    "fp": 72,
    "fn": 443,
    "precision": 0.04,
    "recall": 0.006726457399103139,
    "f1": 0.011516314779270634
  },
  "IMPROPER HELMET": {
    "tp": 0,
    "fp": 5,
    "fn": 0,
    "precision": 0.0,
    "recall": 0.0,
    "f1": 0.0
  },
  "IMPROPER LEFT GLOVE": {
    "tp": 0,
    "fp": 0,
    "fn": 0,
    "precision": 0.0,
    "recall": 0.0,
    "f1": 0.0
  },
  "IMPROPER RIGHT GLOVE": {
    "tp": 0,
    "fp": 1,
    "fn": 0,
    "precision": 0.0,
    "recall": 0.0,
    "f1": 0.0
  },
  "ID_MATCH": {
    "tp": 10,
    "fn": 1105,
    "precision": 0.11363636363636363,
    "recall": 0.008968609865470852
  },
  "CER_mean": 0.0
}