{
  "NO HELMET": {
    "tp": 5,
    "fp": 247,
    "fn": 419,
    "precision": 0.01984126984126984,
    "recall": 0.01179245283018868,
    "f1": 0.014792899408284026
  },
  "NO VEST": {
    "tp": 6,
    "fp": 242,
    "fn": 630,
    "precision": 0.024193548387096774,
    "recall": 0.009433962264150943,
    "f1": 0.013574660633484163
  },
  "NO LEFT GLOVE": {
    "tp": 5,
    "fp": 258,
    "fn": 631,
    "precision": 0.019011406844106463,
    "recall": 0.007861635220125786,
    "f1": 0.011123470522803115
  },
  "NO RIGHT GLOVE": {
    "tp": 5,
    "fp": 258,
    "fn": 631,
    "precision": 0.019011406844106463,
    "recall": 0.007861635220125786,
    "f1": 0.011123470522803115
  },
  "NO LEFT SHOE": {
    "tp": 5,
    "fp": 213,
    "fn": 631,
    "precision": 0.022935779816513763,
    "recall": 0.007861635220125786,
    "f1": 0.0117096018735363
  },
  "NO RIGHT SHOE": {
    "tp": 5,
    "fp": 188,
    "fn": 631,
    "precision": 0.025906735751295335,
    "recall": 0.007861635220125786,
    "f1": 0.012062726176115802
  },
  "IMPROPER HELMET": {
    "tp": 3,
    "fp": 16,
    "fn": 209,
    "precision": 0.15789473684210525,
    "recall": 0.014150943396226415,
    "f1": 0.025974025974025972
  },
  "IMPROPER LEFT GLOVE": {
    "tp": 0,
    "fp": 1,
    "fn": 0,
    "precision": 0.0,
    "recall": 0.0,
    "f1": 0.0
  },
  "IMPROPER RIGHT GLOVE": {
    "tp": 0,
    "fp": 1,
    "fn": 0,
    "precision": 0.0,
    "recall": 0.0,
    "f1": 0.0
  },
  "ID_MATCH": {
    "tp": 33,
    "fn": 1027,
    "precision": 0.12177121771217712,
    "recall": 0.031132075471698113
  },
  "CER_mean": 2.6666666666666665
}