violation,precision,recall,f1,tp,fp,fn
NO HELMET,0.09519967728922953,0.03634123806590699,0.05260225119803857,236,2243,6258
NO VEST,0.19572308807538963,0.06101005536097616,0.09302325581395349,540,2219,8311
NO LEFT GLOVE,0.16406035665294924,0.067562987233081,0.09571062740076824,598,3047,8253
NO RIGHT GLOVE,0.16666666666666666,0.059603299293008644,0.08780558368291626,607,3035,9577
NO LEFT SHOE,0.14818355640535372,0.05253643656084058,0.07757110684794394,465,2673,8386
NO RIGHT SHOE,0.15078864353312302,0.05400519715286408,0.079527493552949,478,2692,8373
IMPROPER HELMET,0.044952681388012616,0.029780564263322883,0.03582652419861722,57,1211,1857
IMPROPER LEFT GLOVE,0.0,0.0,0.0,0,24,0
IMPROPER RIGHT GLOVE,0.0,0.0,0.0,0,29,0
