{
  "NO HELMET": {
    "tp": 236,
    "fp": 2243,
    "fn": 6258,
    "precision": 0.09519967728922953,
    "recall": 0.03634123806590699,
    "f1": 0.05260225119803857
  },
  "NO VEST": {
    "tp": 540,
    "fp": 2219,
    "fn": 8311,
    "precision": 0.19572308807538963,
    "recall": 0.06101005536097616,
    "f1": 0.09302325581395349
  },
  "NO LEFT GLOVE": {
    "tp": 598,
    "fp": 3047,
    "fn": 8253,
    "precision": 0.16406035665294924,
    "recall": 0.067562987233081,
    "f1": 0.09571062740076824
  },
  "NO RIGHT GLOVE": {
    "tp": 607,
    "fp": 3035,
    "fn": 9577,
    "precision": 0.16666666666666666,
    "recall": 0.059603299293008644,
    "f1": 0.08780558368291626
  },
  "NO LEFT SHOE": {
    "tp": 465,
    "fp": 2673,
    "fn": 8386,
    "precision": 0.14818355640535372,
    "recall": 0.05253643656084058,
    "f1": 0.07757110684794394
  },
  "NO RIGHT SHOE": {
    "tp": 478,
    "fp": 2692,
    "fn": 8373,
    "precision": 0.15078864353312302,
    "recall": 0.05400519715286408,
    "f1": 0.079527493552949
  },
  "IMPROPER HELMET": {
    "tp": 57,
    "fp": 1211,
    "fn": 1857,
    "precision": 0.044952681388012616,
    "recall": 0.029780564263322883,
    "f1": 0.03582652419861722
  },
  "IMPROPER LEFT GLOVE": {
    "tp": 0,
    "fp": 24,
    "fn": 0,
    "precision": 0.0,
    "recall": 0.0,
    "f1": 0.0
  },
  "IMPROPER RIGHT GLOVE": {
    "tp": 0,
    "fp": 29,
    "fn": 0,
    "precision": 0.0,
    "recall": 0.0,
    "f1": 0.0
  },
  "ID_MATCH": {
    "tp": 1415,
    "fn": 16592,
    "precision": 0.3762297261366658,
    "recall": 0.07858055200755262
  },
  "CER_mean": 0.986863711001642
}