violation,precision,recall,f1,tp,fp,fn
NO HELMET,0.017857142857142856,0.0023584905660377358,0.004166666666666667,1,55,423
NO VEST,0.44642857142857145,0.07861635220125786,0.1336898395721925,50,62,586
NO LEFT GLOVE,0.45132743362831856,0.08018867924528301,0.13618157543391188,51,62,585
NO RIGHT GLOVE,0.45132743362831856,0.08018867924528301,0.13618157543391188,51,62,585
NO LEFT SHOE,0.25,0.0440251572327044,0.0748663101604278,28,84,608
NO RIGHT SHOE,0.25663716814159293,0.04559748427672956,0.0774365821094793,29,84,607
IMPROPER HELMET,0.20689655172413793,0.05660377358490566,0.08888888888888888,12,46,200
IMPROPER LEFT GLOVE,0.0,0.0,0.0,0,0,0
IMPROPER RIGHT GLOVE,0.0,0.0,0.0,0,0,0
