{
  "NO HELMET": {
    "tp": 2,
    "fp": 20,
    "fn": 424,
    "precision": 0.09090909090909091,
    "recall": 0.004694835680751174,
    "f1": 0.008928571428571428
  },
  "NO VEST": {
    "tp": 5,
    "fp": 20,
    "fn": 421,
    "precision": 0.2,
    "recall": 0.011737089201877934,
    "f1": 0.022172949002217293
  },
  "NO LEFT GLOVE": {
    "tp": 22,
    "fp": 57,
    "fn": 404,
    "precision": 0.27848101265822783,
    "recall": 0.051643192488262914,
    "f1": 0.08712871287128712
  },
  "NO RIGHT GLOVE": {
    "tp": 24,
    "fp": 56,
    "fn": 615,
    "precision": 0.3,
    "recall": 0.03755868544600939,
    "f1": 0.06675938803894299
  },
  "NO LEFT SHOE": {
    "tp": 21,
    "fp": 54,
    "fn": 405,
    "precision": 0.28,
    "recall": 0.04929577464788732,
    "f1": 0.08383233532934131
  },
  "NO RIGHT SHOE": {
    "tp": 23,
    "fp": 50,
    "fn": 403,
    "precision": 0.3150684931506849,
    "recall": 0.0539906103286385,
    "f1": 0.09218436873747494
  },
  "IMPROPER HELMET": {
    "tp": 0,
    "fp": 58,
    "fn": 0,
    "precision": 0.0,
    "recall": 0.0,
    "f1": 0.0
  },
  "IMPROPER LEFT GLOVE": {
    "tp": 0,
    "fp": 1,
    "fn": 0,
    "precision": 0.0,
    "recall": 0.0,
    "f1": 0.0
  },
  "IMPROPER RIGHT GLOVE": {
    "tp": 0,
    "fp": 0,
    "fn": 0,
    "precision": 0.0,
    "recall": 0.0,
    "f1": 0.0
  },
  "ID_MATCH": {
    "tp": 53,
    "fn": 1012,
    "precision": 0.6625,
    "recall": 0.04976525821596244
  },
  "CER_mean": 0.3333333333333333
}