violation,precision,recall,f1,tp,fp,fn
NO HELMET,0.3333333333333333,0.017937219730941704,0.03404255319148936,8,16,438
NO VEST,0.5,0.02914798206278027,0.05508474576271187,13,13,433
NO LEFT GLOVE,0.16666666666666666,0.013452914798206279,0.024896265560165973,6,30,440
NO RIGHT GLOVE,0.25,0.013452914798206279,0.025531914893617023,9,27,660
NO LEFT SHOE,0.20588235294117646,0.01569506726457399,0.029166666666666667,7,27,439
NO RIGHT SHOE,0.20588235294117646,0.01569506726457399,0.029166666666666667,7,27,439
IMPROPER HELMET,0.0,0.0,0.0,0,13,0
IMPROPER LEFT GLOVE,0.0,0.0,0.0,0,0,0
IMPROPER RIGHT GLOVE,0.0,0.0,0.0,0,0,0
