violation,precision,recall,f1,tp,fp,fn
NO HELMET,0.09090909090909091,0.004694835680751174,0.008928571428571428,2,20,424
NO VEST,0.2,0.011737089201877934,0.022172949002217293,5,20,421
NO LEFT GLOVE,0.27848101265822783,0.051643192488262914,0.08712871287128712,22,57,404
NO RIGHT GLOVE,0.3,0.03755868544600939,0.06675938803894299,24,56,615
NO LEFT SHOE,0.28,0.04929577464788732,0.08383233532934131,21,54,405
NO RIGHT SHOE,0.3150684931506849,0.0539906103286385,0.09218436873747494,23,50,403
IMPROPER HELMET,0.0,0.0,0.0,0,58,0
IMPROPER LEFT GLOVE,0.0,0.0,0.0,0,1,0
IMPROPER RIGHT GLOVE,0.0,0.0,0.0,0,0,0
