{
  "NO HELMET": {
    "tp": 61,
    "fp": 248,
    "fn": 361,
    "precision": 0.19741100323624594,
    "recall": 0.14454976303317535,
    "f1": 0.16689466484268123
  },
  "NO VEST": {
    "tp": 96,
    "fp": 240,
    "fn": 537,
    "precision": 0.2857142857142857,
    "recall": 0.15165876777251186,
    "f1": 0.1981424148606811
  },
  "NO LEFT GLOVE": {
    "tp": 103,
    "fp": 347,
    "fn": 530,
    "precision": 0.2288888888888889,
    "recall": 0.1627172195892575,
    "f1": 0.19021237303785782
  },
  "NO RIGHT GLOVE": {
    "tp": 104,
    "fp": 347,
    "fn": 529,
    "precision": 0.23059866962305986,
    "recall": 0.16429699842022116,
    "f1": 0.19188191881918817
  },
  "NO LEFT SHOE": {
    "tp": 81,
    "fp": 328,
    "fn": 552,
    "precision": 0.1980440097799511,
    "recall": 0.12796208530805686,
    "f1": 0.15547024952015356
  },
  "NO RIGHT SHOE": {
    "tp": 85,
    "fp": 344,
    "fn": 548,
    "precision": 0.19813519813519814,
    "recall": 0.13428120063191154,
    "f1": 0.160075329566855
  },
  "IMPROPER HELMET": {
    "tp": 8,
    "fp": 145,
    "fn": 203,
    "precision": 0.05228758169934641,
    "recall": 0.037914691943127965,
    "f1": 0.04395604395604395
  },
  "IMPROPER LEFT GLOVE": {
    "tp": 0,
    "fp": 2,
    "fn": 0,
    "precision": 0.0,
    "recall": 0.0,
    "f1": 0.0
  },
  "IMPROPER RIGHT GLOVE": {
    "tp": 0,
    "fp": 1,
    "fn": 0,
    "precision": 0.0,
    "recall": 0.0,
    "f1": 0.0
  },
  "ID_MATCH": {
    "tp": 191,
    "fn": 864,
    "precision": 0.410752688172043,
    "recall": 0.18104265402843603
  },
  "CER_mean": 0.7982456140350876
}