violation,precision,recall,f1,tp,fp,fn
NO HELMET,0.15757575757575756,0.12206572769953052,0.13756613756613756,52,278,374
NO VEST,0.20714285714285716,0.09076682316118936,0.1262241566920566,58,222,581
NO LEFT GLOVE,0.16266666666666665,0.09546165884194054,0.12031558185404338,61,314,578
NO RIGHT GLOVE,0.16266666666666665,0.09546165884194054,0.12031558185404338,61,314,578
NO LEFT SHOE,0.18857142857142858,0.10328638497652583,0.13346814964610718,66,284,573
NO RIGHT SHOE,0.18487394957983194,0.10328638497652583,0.13253012048192772,66,291,573
IMPROPER HELMET,0.04918032786885246,0.014084507042253521,0.021897810218978103,3,58,210
IMPROPER LEFT GLOVE,0.0,0.0,0.0,0,4,0
IMPROPER RIGHT GLOVE,0.0,0.0,0.0,0,5,0
