{
  "NO HELMET": {
    "tp": 0,
    "fp": 215,
    "fn": 476,
    "precision": 0.0,
    "recall": 0.0,
    "f1": 0.0
  },
  "NO VEST": {
    "tp": 1,
    "fp": 166,
    "fn": 475,
    "precision": 0.005988023952095809,
    "recall": 0.0021008403361344537,
    "f1": 0.003110419906687403
  },
  "NO LEFT GLOVE": {
    "tp": 5,
    "fp": 262,
    "fn": 471,
    "precision": 0.018726591760299626,
    "recall": 0.01050420168067227,
    "f1": 0.013458950201884253
  },
  "NO RIGHT GLOVE": {
    "tp": 6,
    "fp": 260,
    "fn": 708,
    "precision": 0.022556390977443608,
    "recall": 0.008403361344537815,
    "f1": 0.012244897959183673
  },
  "NO LEFT SHOE": {
    "tp": 6,
    "fp": 226,
    "fn": 470,
    "precision": 0.02586206896551724,
    "recall": 0.012605042016806723,
    "f1": 0.01694915254237288
  },
  "NO RIGHT SHOE": {
    "tp": 6,
    "fp": 234,
    "fn": 470,
    "precision": 0.025,
    "recall": 0.012605042016806723,
    "f1": 0.01675977653631285
  },
  "IMPROPER HELMET": {
    "tp": 0,
    "fp": 59,
    "fn": 0,
    "precision": 0.0,
    "recall": 0.0,
    "f1": 0.0
  },
  "IMPROPER LEFT GLOVE": {
    "tp": 0,
    "fp": 3,
    "fn": 0,
    "precision": 0.0,
    "recall": 0.0,
    "f1": 0.0
  },
  "IMPROPER RIGHT GLOVE": {
    "tp": 0,
    "fp": 4,
    "fn": 0,
    "precision": 0.0,
    "recall": 0.0,
    "f1": 0.0
  },
  "ID_MATCH": {
    "tp": 30,
    "fn": 1160,
    "precision": 0.10909090909090909,
    "recall": 0.025210084033613446
  },
  "CER_mean": 2.375
}